dataset,model,auc_train_only,auc_full_log,delta_auc,acc_train_only,acc_full_log,delta_acc
junyi,gikt,0.7129728532675871,0.7129305292266204,-4.23240409667495e-05,0.8290953411509485,0.8290872851991665,-8.05595178191935e-06
junyi,gkt,0.704207314836431,0.7040943718241568,-0.0001129430122742,0.8283383312727057,0.8283656890738644,2.7357801158589545e-05
assist2012,gikt,0.6925609579126726,0.6926918463082335,0.000130888395561,0.7000631637083261,0.7001194069919502,5.624328362404304e-05
assist2012,gkt,0.6037630295769685,0.6032161171372173,-0.000546912439751,0.6965445646009593,0.6965445646009593,0.0
xes3g5m,gikt,0.709913769833054,0.7101485455252868,0.00023477569223277298,0.7947355384955069,0.7947355384955069,0.0
xes3g5m,gkt,0.6078669567370998,0.6076523937719004,-0.00021456296519928308,0.7943888390636381,0.7943888390636381,0.0
