top_k,n_inferred_truncated,n_expert_edges,edge_precision,edge_recall,edge_f1,direction_agreement,reachability_precision,reachability_recall,reachability_f1,node_jaccard
200,200,1131,0.235,0.04155614500442087,0.07062359128474832,0.34615384615384615,0.3640226628895184,0.003856253282316753,0.007631660999836677,0.29023746701846964
500,500,1131,0.178,0.07869142351900972,0.10913549969343961,0.22549019607843138,0.2084288990825688,0.010908545277215095,0.02073203769979895,0.4534313725490196
800,800,1131,0.18125,0.1282051282051282,0.15018125323666492,0.27976190476190477,0.2652945832862151,0.03520144046815215,0.062155574395930474,0.5724137931034483
1131,1131,1131,0.1830238726790451,0.1830238726790451,0.18302387267904513,0.2608695652173913,0.2665349224973754,0.06476104734038562,0.10420338491996427,0.6324786324786325
1200,1200,1131,0.18,0.1909814323607427,0.18532818532818532,0.2616033755274262,0.27717918602869834,0.0814464701027834,0.12589877997866122,0.6411889596602972
1800,1800,1131,0.1527777777777778,0.24314765694076038,0.1876492664619584,0.2777777777777778,0.2807729132213422,0.24201365443769224,0.2599564831976791,0.6437847866419295
2500,2152,1131,0.14265799256505576,0.27144120247568526,0.18702406335668598,0.2852664576802508,0.2254477981197427,0.6836671918373471,0.3390797968334295,0.6103448275862069
3500,2152,1131,0.14265799256505576,0.27144120247568526,0.18702406335668598,0.2852664576802508,0.2254477981197427,0.6836671918373471,0.3390797968334295,0.6103448275862069
5000,2152,1131,0.14265799256505576,0.27144120247568526,0.18702406335668598,0.2852664576802508,0.2254477981197427,0.6836671918373471,0.3390797968334295,0.6103448275862069
